Comuna,Votos_der,Votos,p_derecha
Cauquenes,10507,15700,0.669235669
Chanco,1619,3908,0.414278403
Colbun,4226,8153,0.518336809
Linares,14065,32090,0.438298535
Longavi,4321,9621,0.449121713
Parral,10024,15449,0.648844585
Pelluhue,2199,3319,0.662548961
Retiro,5849,7022,0.832953574
San Javier,9005,14513,0.620478192
Villa Alegre,2981,5421,0.549898543
Yerbas Buenas,3218,5767,0.558002428
